name,poc
Al Golden,no
Al Groh,
Art Briles,no
Barney Cotton,
Barry Alvarez,no
Barry Odom,
Bill Callahan,no
Bill Cubit,
Bill Doba,
Bill Lynch,
Bill O'Brien,no
Bill Snyder,no
Bill Stewart,no
Bo Pelini,no
Bob Davie,
Bob Simmons,yes
Bob Stoops,no
Bob Toledo,no
Bobby Bowden,no
Bobby Johnson,
Bobby Petrino,no
Bobby Williams,
Brady Hoke,no
Bret Bielema,no
Brian Cabral,
Brian Kelly,no
Bronco Mendenhall,no
Bruce Snyder,no
Bryan McClendon,
Buddy Teevens,
Butch Davis,
Butch Jones,
Cam Cameron,no
Carl Franks,
Carl Torbush,
Chan Gailey,
Charlie Strong,
Charlie Weis,no
Chip Kelly,no
Chris Ash,
Chris Petersen,no
Chris Thomsen,
Chuck Amato,
Clay Helton,no
Clint Bowen,
D.J. Durkin,
Dabo Swinney,no
Dan Hawkins,no
Dan McCarney,
Dan Mullen,
Dana Bible,
Dana Holgorsen,no
Danny Hope,
Darrell Hazell,
Dave Clawson,
Dave Doeren,
Dave Wannstedt,no
David Beaty,
David Cutcliffe,
David Shaw,yes
Dennis Erickson,no
Dennis Franchione,no
Derek Dooley,no
Derek Mason,
DeWayne Walker,yes
Dick Tomey,
Dino Babers,yes
Dirk Koetter,no
Don Nehlen,
Doug Marrone,
Ed Kezirian,
Ed Orgeron,no
Everett Withers,
Frank Beamer,
Frank Solich,
Frank Spaziani,
Gary Andersen,no
Gary Barnett,
Gary Patterson,
Gary Pinkel,
Gene Chizik,
George O'Leary,no
George Welsh,
Gerad Parker,
Gerry DiNardo,
Glen Mason,
Greg Robinson,
Greg Schiano,
Gus Malzahn,no
Guy Morriss,
Hal Mumme,
Houston Nutt,no
Hugh Freeze,no
Jackie Sherrill,
James Franklin,yes
Jeff Horton,
Jeff Jagodzinski,
Jeff Stoutland,
Jeff Tedford,no
Jerry Kill,no
Jim Caldwell,yes
Jim Chaney,
Jim Donnan,
Jim Grobe,no
Jim Harbaugh,no
Jim McElwain,no
Jim Mora,no
Jim Tressel,no
Jimbo Fisher,
Joe Kines,
Joe Paterno,no
Joe Rudolph,
Joe Tiller,
John Bunting,
John Cooper,
John Mackovic,
John Smith,
Joker Phillips,yes
Jon Embree,yes
Jon Tenuta,
Justin Fuente,
Karl Dorrell,yes
Keith Gilbertson,
Keith Patterson,
Kent Baer,
Kevin Steele,
Kevin Sumlin,yes
Kevin Wilson,
Kirby Smart,
Kirk Ferentz,no
Kliff Kingsbury,no
Kyle Flood,
Kyle Whittingham,no
Lane Kiffin,no
Larry Coker,
Larry Fedora,
Larry Scott,
Larry Smith,
Les Miles,no
Lloyd Carr,no
Lou Holtz,no
Lovie Smith,yes
Luke Fickell,no
Mac McWhorter,
Mack Brown,no
Mark Dantonio,no
Mark Helfrich,no
Mark Mangino,no
Mark Richt,no
Mark Stoops,no
Marques Tuiasosopo,yes
Matt Campbell,
Mike Bellotti,no
Mike DuBose,
Mike Gundy,no
Mike Hankwitz,
Mike Johnson,yes
Mike Leach,no
Mike Locksley,
Mike London,yes
Mike MacIntyre,
Mike Price,
Mike Riley,no
Mike Sherman,
Mike Shula,
Mike Stoops,
Morris Watts,
Nick Saban,no
Pat Fitzgerald,
Pat Narduzzi,
Patrick Higgins,
Paul Chryst,
Paul Hackett,
Paul Johnson,
Paul Pasqualoni,
Paul Rhoads,
Paul Wulff,no
Pete Carroll,no
Phil Bennett,
Phillip Fulmer,no
R.C. Slocum,
Ralph Friedgen,no
Randy Edsall,no
Randy Shannon,yes
Randy Walker,
Reggie Herring,
Rich Brooks,
Rich Rodriguez,no
Rick Neuheisel,no
Robbie Caldwell,
Ron McBride,
Ron Prince,
Ron Turner,
Ron Vanderlinden,
Ron Zook,no
Ruffin McNeill,yes
Scott Shafer,
Shawn Elliott,
Sonny Dykes,no
Steve Addazio,
Steve Kragthorpe,
Steve Sarkisian,no
Steve Spurrier,no
Sylvester Croom,yes
Ted Roof,
Terry Allen,
Terry Hoeppner,
Terry Shea,
Tim Beckman,
Tim Brewster,
Tim DeRuyter,
Tim Kish,
Todd Graham,no
Tom Bradley,no
Tom Hayes,
Tom Holmoe,
Tom O'Brien,
Tommy Bowden,no
Tommy Tuberville,no
Tracy Claeys,
Turner Gill,yes
Tyrone Willingham,yes
Urban Meyer,no
Vic Koenning,
Walt Harris,
Will Muschamp,no
Woody Widenhofer,
